Age,Date,Feed,FI,Culling,Death,Live_Bird,Std_Body_Weight,ADG,ADG_actual,Total_Body_Weight,Body_Weight,FCR,FCR_actual,IP,IP_actual,Ayam_Dipelihara,persen_Live_Bird
2,08/01/2023,150,30,0,6,4986,74,13.0,27.5,274.23,55.0,0.55,0.5469861065528935,500,491.9100236779794,5068,98.3820047355959
3,09/01/2023,250,50,0,5,4981,90,12.0,22.33333333333333,333.727,67.0,0.75,0.7491152948367976,298,292.6659650969044,5068,98.28334648776638
4,10/01/2023,350,70,0,6,4975,109,23.0,22.5,447.75,90.0,0.78,0.7816862088218872,288,283.1681440106854,5068,98.16495659037096
5,11/01/2023,500,100,0,8,4967,134,22.0,22.4,556.304,112.0,0.9,0.8987891512554287,246,243.9287906691222,5068,98.00710339384374
6,12/01/2023,650,131,0,9,4958,163,25.0,22.83333333333333,679.2460000000001,137.0,0.96,0.956943434337486,235,232.6847923791985,5068,97.8295185477506
7,13/01/2023,800,161,0,12,4946,193,20.0,22.42857142857143,776.522,157.0,1.03,1.030234816270498,216,212.5112341777348,5068,97.59273875295976
8,14/01/2023,950,191,0,6,4940,228,35.0,24.0,948.48,192.0,1.0,1.001602564102564,238,233.9384372533544,5068,97.47434885556432
9,15/01/2023,1150,232,0,4,4936,269,22.0,23.77777777777778,1056.304,214.0,1.09,1.088701737378633,216,212.4630006428374,5068,97.39542225730072
10,16/01/2023,1350,272,0,2,4934,313,40.0,25.4,1253.236,254.0,1.08,1.07721131534683,233,228.9667923645824,5068,97.3559589581689
11,17/01/2023,1600,323,0,6,4928,362,48.0,27.45454545454545,1488.256,302.0,1.08,1.07508385654081,252,247.1864129322693,5068,97.23756906077348
12,18/01/2023,1900,384,0,7,4921,414,40.0,28.5,1682.982,342.0,1.13,1.12894849736955,247,244.8968366498803,5068,97.09944751381217
13,19/01/2023,2200,445,0,5,4916,469,55.0,30.53846153846154,1951.652,397.0,1.13,1.12725014500536,265,262.1464488672234,5068,97.00078926598265
14,20/01/2023,2550,516,0,6,4910,528,34.0,30.78571428571428,2116.21,431.0,1.2,1.204984382457318,251,248.549488856316,5068,96.88239936858722
3,27/01/2023,1700,85,0,61,19882,90,102.0,34.0,2027.964,102.0,0.84,0.8382791804982732,401,394.8712556661526,20380,97.55642787046123
5,29/01/2023,3100,156,0,85,19681,134,151.0,30.2,2971.831,151.0,1.04,1.043127957141574,285,280.4249075262323,20380,96.57016683022572
7,31/01/2023,4550,231,0,185,19437,193,210.0,30.0,4081.77,210.0,1.11,1.114712489924714,262,257.7646341139962,20380,95.3729146221786
8,01/02/2023,5450,277,0,29,19408,228,35.0,30.625,4754.96,245.0,1.15,1.146171576627353,258,253.6032768699066,20380,95.2306182531894
10,03/02/2023,7300,372,0,16,19376,313,328.0,32.8,6355.328,328.0,1.15,1.148642524823266,277,271.1664462175193,20380,95.07360157016684
12,05/02/2023,9300,476,0,13,19344,414,395.0,32.91666666666666,7640.88,395.0,1.22,1.21713729308666,262,256.0932447433196,20380,94.91658488714428
14,07/02/2023,12300,631,0,11,19320,528,477.0,34.07142857142857,9215.64,477.0,1.33,1.334687552899202,248,242.851977834675,20380,94.79882237487732
17,10/02/2023,17300,890,0,12,19279,722,613.0,36.05882352941177,11818.027,613.0,1.46,1.463865330481983,237,233.6356012554376,20380,94.59764474975466
19,12/02/2023,20950,1080,0,12,19249,865,730.0,38.42105263157895,14051.77,730.0,1.49,1.49091537934367,248,243.5493549094926,20380,94.450441609421
20,13/02/2023,23100,1192,0,15,19234,941,190.0,46.00000000000001,17695.28,920.0,1.31,1.305432861192363,337,331.3995909775338,20380,94.37684003925418
25,18/02/2023,34500,1785,0,12,19172,1349,1100.0,44.0,21089.2,1100.0,1.64,1.635908427062193,258,252.3899566767994,20380,94.07262021589794
26,19/02/2023,36450,1887,0,11,19161,1436,100.0,46.15384615384615,22993.2,1200.0,1.59,1.585251291686238,279,272.9133402934947,20380,94.01864573110892
29,22/02/2023,42000,2177,0,13,19123,1706,1570.0,54.13793103448276,30023.11,1570.0,1.4,1.398922363472672,371,362.8486103926867,20380,93.83218842001962
30,23/02/2023,43950,2279,0,10,19113,1798,-545.0,34.16666666666666,19590.825,1025.0,2.24,2.243397100428389,146,143.0471707205944,20380,93.78312070657508
31,24/02/2023,45800,2376,0,7,19106,1892,615.0,52.90322580645162,31333.84,1640.0,1.46,1.461678492007364,348,339.6994879004612,20380,93.74877330716387
34,27/02/2023,51250,2662,0,6,19071,2177,1850.0,54.41176470588235,35281.35,1850.0,1.45,1.452608814572005,356,351.1511504537519,20380,93.57703631010796
2,22/12/2022,750,38,0,23,19965,80,11.0,31.85,1271.7705,63.7,0.59,0.5897290430938601,540,522.6066092079192,20623,96.80938757697716
3,23/12/2022,900,45,0,30,19935,100,17.05,26.91666666666667,1609.75125,80.75,0.56,0.5590925927220122,481,464.6197293590374,20623,96.66391892547156
4,24/12/2022,1300,65,0,33,19902,124,14.5,23.8125,1895.6655,95.25,0.69,0.6857749956413723,345,333.0433623075967,20623,96.5039034088154
5,25/12/2022,1950,98,0,40,19862,150,26.95,24.44,2427.1364,122.2,0.8,0.803415910205953,302,294.2268826067983,20623,96.30994520680794
6,26/12/2022,2500,126,0,23,19839,179,22.9,24.18333333333333,2878.6389,145.1,0.87,0.8684659962039699,275,267.4021193835028,20623,96.19841924065364
7,27/12/2022,3100,156,0,24,19815,211,22.0,23.87142857142857,3311.0865,167.1,0.94,0.9362485697670538,251,244.0016657413367,20623,96.08204431944915
8,28/12/2022,3900,196,0,23,19792,245,34.3,25.175,3986.1088,201.4,0.98,0.9783977798097232,254,246.5365101575713,20623,95.97051835329486
9,29/12/2022,5150,260,0,15,19777,282,37.7,26.56666666666667,4728.6807,239.1,1.09,1.089098699347579,241,233.7325194799726,20623,95.89778402754206
10,30/12/2022,6050,305,0,17,19760,324,34.8,27.39,5412.263999999999,273.9,1.12,1.117831650488594,242,234.3198647834249,20623,95.8153517916889
11,31/12/2022,7300,368,0,12,19748,370,32.8,27.88181818181818,6056.7116,306.7,1.21,1.205274492515047,228,220.6515574781689,20623,95.75716433108666
12,01/01/2023,8500,429,0,11,19737,419,50.7,29.78333333333333,7054.0038,357.4,1.2,1.204989427422764,246,237.5315788197644,20623,95.7038258255346
13,02/01/2023,11350,574,0,22,19715,471,114.6,36.30769230769231,9305.48,472.0,1.22,1.219711395865662,295,284.5009725120504,20623,95.59714881443048
14,03/01/2023,13200,668,0,18,19697,527,50.5,37.32142857142857,10291.6825,522.5,1.28,1.282589119903378,286,278.4816173732864,20623,95.50986762352711
15,04/01/2023,15100,764,0,26,19671,587,64.0,39.1,11537.0415,586.5,1.31,1.308827744097133,293,284.6951432348008,20623,95.38379479222228
16,05/01/2023,16850,853,0,26,19645,649,79.9,41.65,13091.428,666.4,1.29,1.287101758494184,316,307.5569085017218,20623,95.25772196091742
17,06/01/2023,18700,948,0,21,19624,715,45.5,41.87647058823529,13970.3256,711.9,1.34,1.338551479430086,306,297.3726113734518,20623,95.1558939048635
18,07/01/2023,20750,1052,0,23,19601,784,110.8,45.70555555555556,16125.7427,822.7,1.29,1.286762438544923,347,336.7484991523517,20623,95.0443679387092
19,08/01/2023,23100,1172,0,19,19582,856,92.0,48.14210526315789,17911.6554,914.7,1.29,1.289663042534863,366,354.3566377357551,20623,94.95223779275564
20,09/01/2023,25300,1285,0,25,19557,931,65.5,49.01000000000001,19169.7714,980.2,1.32,1.319786212995738,364,352.0960600036146,20623,94.831013916501
21,10/01/2023,27650,1405,0,12,19545,1008,145.8,53.61904761904762,22007.67,1126.0,1.26,1.256380162007155,417,403.3038646611564,20623,94.77282645589877
22,11/01/2023,30150,1533,0,9,19536,1087,28.0,52.45454545454545,22544.544,1154.0,1.34,1.337352398877529,384,370.8191332529034,20623,94.72918586044707
23,12/01/2023,32750,1666,0,12,19524,1168,104.0,54.69565217391305,24561.192,1258.0,1.33,1.333404339659085,403,389.3302255214279,20623,94.67099839984483
24,13/01/2023,34450,1753,0,16,16943,1252,60.0,61.96407070766688,25196.574,1291.6,1.37,1.367249372871089,393,371.5847163768324,20623,82.155845415313
25,14/01/2023,37650,1942,0,16,16927,1337,89.0,63.05190287706032,26681.989,1368.87,1.41,1.411064220137412,387,367.0347952073066,20623,82.07826213451001
26,15/01/2023,40300,2099,0,12,16915,1425,73.0,63.43914140839946,27899.9,1432.23,1.44,1.444449621683232,383,361.3391052476056,20623,82.02007467390777
27,16/01/2023,42900,2253,0,10,14729,1513,144.0,75.32732352149827,29956.396,1538.59,1.43,1.432081482699054,408,376.2165699808137,20623,71.42025893419968
28,17/01/2023,45500,2429,0,6,14723,1604,93.0,75.96445551663578,31315.891,1608.91,1.45,1.452936466026146,410,374.0131719594722,20623,71.39116520389855
29,18/01/2023,48250,2616,0,8,14715,1695,97.0,76.69750547763836,32729.51,1682.23,1.47,1.474204777278975,413,372.2822491312118,20623,71.35237356349707
30,19/01/2023,50750,2786,0,10,14705,1788,79.0,76.78355434659414,33873.065,1741.9,1.5,1.498240563704524,408,364.9977102156708,20623,71.3038840129952
31,20/01/2023,52300,2892,0,11,9410,1883,181.0,125.7644235713551,36686.74000000001,1887.66,1.43,1.425583194363958,454,401.2911193275115,20623,45.6286670222567
32,21/01/2023,54300,3104,0,10,9400,1978,100.0,125.0199468085106,37606.0,1935.96,1.44,1.443918523639845,458,395.7244002111989,20623,45.58017747175484
33,22/01/2023,56050,3291,0,7,7796,2074,76.0,149.6937046193075,38511.4,1983.28,1.46,1.455413202324507,453,387.58830950552,20623,37.8024535712554
34,23/01/2023,57300,3451,0,3,6259,2171,105.0,185.6636795955001,39510.345,2035.04,1.45,1.450253091943388,463,388.6082899033839,20623,30.34960965911846
35,24/01/2023,58550,3651,0,9,6250,2269,67.0,182.4361142857143,39907.9,2056.47,1.47,1.467128062363592,457,376.1158663699616,20623,30.30596906366678
36,25/01/2023,59550,3811,0,8,6242,2366,39.0,178.5928744348321,40131.962,2068.87,1.48,1.483854689187636,448,365.2366362871623,20623,30.26717742326528
37,26/01/2023,60400,3948,0,7,6235,2463,76.0,175.9405058627192,40588.595,2093.17,1.49,1.488102753987912,446,356.9966854801959,20623,30.23323473791398
38,27/01/2023,61800,4173,0,12,6223,2561,93.0,173.9594627739202,41136.89,2122.76,1.5,1.50230121917335,448,349.9490009025862,20623,30.17504727731174
39,28/01/2023,62550,4294,0,32,3647,2658,140.0,295.097410586854,41972.59,2169.46,1.49,1.490258285228526,462,350.237828686827,20623,17.68413906803084
40,29/01/2023,63300,4500,0,17,2694,2755,120.0,393.1529324424648,42366.16,2191.73,1.49,1.494117002815454,470,344.68390182721,20623,13.06308490520293
5,25/01/2023,1300,94,0,46,13751,134,102.0,20.4,1402.602,102.0,0.93,0.9268488138474066,215,217.645456894204,13859,99.22072299588714
11,31/01/2023,4900,359,0,25,13541,362,307.0,27.9090909090909,4157.087,307.0,1.18,1.178709995725372,229,231.0907309818865,13859,97.7054621545566
20,09/02/2023,15450,1146,0,23,13320,941,922.0,46.1,12281.04,922.0,1.26,1.258036778644154,348,351.643594157484,13859,96.1108305072516
25,14/02/2023,23600,1760,0,14,13234,1349,1313.0,52.52,17376.242,1313.0,1.36,1.358176296117423,367,368.7610514297356,13859,95.49029511508766
1,10/09/2023,250,25,0,25,9975,63,38.0,38.0,379.05,38.0,0.66,0.6595435958316844,576,574.3181818181818,10000,99.75
5,09/05/2023,2650,136,0,300,18732,134,125.0,25.0,2341.5,125.0,1.13,1.131753149690369,208,217.7515651329666,19032,98.42370744010088
4,31/07/2023,175,51,0,20,3426,109,100.0,25.0,342.6,100.0,0.51,0.5107997664915352,480,486.3630943254799,3453,99.21807124239793
12,08/08/2023,1150,340,0,7,3346,364,300.0,25.0,1003.8,300.0,1.15,1.145646543136083,209,210.6548810737985,3453,96.9012452939473
3,22/01/2023,550,56,0,97,9815,90,98.0,32.66666666666666,961.87,98.0,0.57,0.5718028423799474,562,554.7855567840929,10139,96.80441858171416
6,25/01/2023,1200,123,0,47,9536,163,156.0,26.0,1487.616,156.0,0.81,0.8066597831698503,305,301.8974525697739,10139,94.05266791596804
8,27/01/2023,1800,187,0,30,9466,228,214.0,26.75,2025.724,214.0,0.89,0.8885711972608312,286,280.6113006734481,10139,93.36226452312852
9,28/01/2023,2150,224,0,20,9446,269,1.0,23.88888888888889,2030.89,215.0,1.06,1.058649163667161,212,209.9630647624849,10139,93.16500641088864
10,29/01/2023,2550,266,0,13,9433,313,85.0,30.0,2829.9,300.0,0.9,0.9010919113749604,313,310.1226287931091,10139,93.03678863793272
18,06/02/2023,8050,854,0,25,9297,792,740.0,41.11111111111111,6879.78,740.0,1.17,1.170095555381131,327,322.1966798256373,10139,91.69543347470164
20,08/02/2023,9650,1027,0,21,9264,941,900.0,45.0,8337.6,900.0,1.16,1.157407407407407,361,354.4524216834279,10139,91.36995758950589
24,12/02/2023,13150,1406,0,8,9197,1264,1050.0,43.75,9656.85,1050.0,1.36,1.361727685528925,296,291.8033090048328,10139,90.70914291350232
28,16/02/2023,16900,1816,0,48,9085,1615,1400.0,50.0,12719.0,1400.0,1.33,1.328720811384543,342,336.8590131013498,10139,89.60449748495907
31,19/02/2023,19550,2132,0,15,7407,1892,1500.0,56.22623760435857,12910.5,1437.85,1.51,1.514271329537973,288,272.025299943686,10139,73.05454186803433
3,24/08/2023,700,59,0,189,11651,90,84.0,28.0,978.684,84.0,0.72,0.7152461877378193,377,380.2403864085636,11916,97.77609936220207
9,30/08/2023,2600,231,0,32,10906,269,241.0,26.77777777777778,2628.346,241.0,0.99,0.989215270744415,246,247.556501948356,11916,91.52400134273246
13,03/09/2023,5450,493,0,16,10822,469,429.0,33.0,4642.638,429.0,1.17,1.17390156199988,254,256.1563422590613,11916,90.81906680093992
20,10/09/2023,11600,1065,0,18,10700,941,792.0,39.59999999999999,8474.4,792.0,1.37,1.36882847163221,257,259.5541050124594,11916,89.79523329976502
28,18/09/2023,22600,2097,0,10,10636,1615,1360.0,48.57142857142857,14464.96,1360.0,1.56,1.562396301130456,277,277.9099606894169,11916,89.25814031554212
3,28/07/2023,700,56,0,16,12457,90,76.0,25.33333333333333,946.732,76.0,0.74,0.7393855916986011,342,341.903195587153,12473,99.87172292151048
7,01/08/2023,2350,237,0,15,9893,193,161.0,23.0,1592.773,161.0,1.48,1.47541426179374,154,155.0136797414475,9918,99.74793305101836
14,08/08/2023,7850,797,0,10,9773,528,441.0,31.5,4309.893,441.0,1.82,1.821390925482373,170,170.5465587044534,9918,98.53801169590643
4,24/06/2023,150,47,0,6,3160,109,79.0,19.75,249.64,79.0,0.6,0.600865245954174,326,320.051282051282,3250,97.23076923076924
10,30/06/2023,725,232,32,0,3074,283,203.0,20.3,624.022,203.0,1.16,1.161818012826471,168,165.523076923077,3250,94.5846153846154
13,03/07/2023,1125,365,52,0,2948,412,298.0,22.92307692307692,878.5039999999999,298.0,1.28,1.280586087257429,165,162.4452662721894,3250,90.70769230769233
3,23/12/2022,1500,75,0,37,19930,100,15.4,27.1,1620.309,81.3,0.93,0.9257493478095844,291,283.4614964752512,20488,97.27645450995703
4,24/12/2022,1950,98,0,37,19893,124,16.4,24.425,1943.5461,97.7,1.0,1.003320682745832,242,237.1566404724717,20488,97.09586099180008
5,25/12/2022,2550,128,0,26,19867,150,24.6,24.46,2429.7341,122.3,1.05,1.04949755613176,231,225.891495137688,20488,96.96895743850058
6,26/12/2022,3050,153,0,16,19851,179,25.0,24.55,2924.0523,147.3,1.04,1.04307299838652,234,228.7183351229988,20488,96.89086294416244
7,27/12/2022,3950,199,0,23,19828,211,35.0,26.04285714285714,3614.6444,182.3,1.09,1.092776927102428,237,231.2285604769189,20488,96.77860210855135
8,28/12/2022,4900,247,0,14,19814,245,28.6,26.3625,4178.7726,210.9,1.17,1.172593119807476,223,217.9080750207751,20488,96.71026942600548
9,29/12/2022,5700,287,0,22,19792,282,30.5,26.82222222222222,4777.7888,241.4,1.19,1.193020503543397,223,217.7398461662421,20488,96.60288949629052
10,30/12/2022,6550,330,0,24,19768,324,36.0,27.74,5483.6432,277.4,1.19,1.194461375605182,231,224.9171968670327,20488,96.48574775478328
11,31/12/2022,8150,411,0,25,19743,370,54.5,30.17272727272727,6552.7017,331.9,1.24,1.243761790651938,241,234.4803545684706,20488,96.36372510737992
12,01/01/2023,9100,459,0,21,19722,419,42.8,31.225,7389.8334,374.7,1.23,1.231421536512582,251,244.3704702812354,20488,96.26122608356113
13,02/01/2023,11250,568,0,28,19694,471,112.4,37.46923076923077,9592.9474,487.1,1.17,1.172736546017129,314,307.8387477052361,20488,96.12456071846934
14,03/01/2023,13350,675,0,30,19664,527,81.3,40.6,11177.0176,568.4,1.19,1.19441522575754,334,327.4548085536441,20488,95.97813354158532
15,04/01/2023,14750,746,0,23,19641,587,44.6,40.86666666666667,12039.933,613.0,1.23,1.225089873838999,326,318.5137125678169,20488,95.86587270597424
16,05/01/2023,16950,858,0,10,19631,649,76.7,43.10625,13539.5007,689.7,1.25,1.251892545786419,338,330.4251439867239,20488,95.81706364701289
17,06/01/2023,18800,953,0,23,19608,715,55.9,43.85882352941177,14619.7248,745.6,1.29,1.285933918537235,333,325.3876013505754,20488,95.7048028114018
18,07/01/2023,20800,1055,0,22,19586,784,60.7,44.79444444444444,15792.1918,806.3,1.32,1.317106596944954,333,324.4116248716501,20488,95.59742288168684
19,08/01/2023,23000,1167,0,16,19570,856,121.2,48.81578947368421,18151.175,927.5,1.27,1.267135598659591,377,367.1536555294899,20488,95.5193283873487
20,09/01/2023,25300,1285,0,10,19560,931,90.0,50.87500000000001,19902.3,1017.5,1.27,1.271209860166915,393,382.4458795930478,20488,95.47051932838735
21,10/01/2023,27850,1415,0,17,19543,1008,97.5,53.09523809523809,21790.445,1115.0,1.28,1.278083123130344,407,395.6737778269742,20488,95.38754392815306
22,11/01/2023,30350,1543,0,7,19536,1087,96.0,55.04545454545455,23658.096,1211.0,1.28,1.282858941818479,421,410.0601571651699,20488,95.35337758688011
23,12/01/2023,33100,1684,0,10,19526,1168,48.0,54.73913043478261,24583.234,1259.0,1.35,1.346446118521266,397,386.4362376059573,20488,95.3045685279188
24,13/01/2023,34900,1776,0,20,19506,1252,106.0,56.875,26625.69,1365.0,1.31,1.310764152966552,425,413.3507866082846,20488,95.2069504099961
25,14/01/2023,38000,1936,0,10,19496,1337,60.0,57.0,27781.8,1425.0,1.37,1.367801942278758,404,395.9134348181739,20488,95.15814135103476
26,15/01/2023,40800,2079,0,5,19491,1425,72.0,57.57692307692308,29178.027,1497.0,1.4,1.398312504131962,399,391.2505604996331,20488,95.13373682155408
27,16/01/2023,43550,2220,0,5,19486,1513,99.0,59.11111111111111,31099.656,1596.0,1.4,1.400337032666856,410,401.57273634431,20488,95.10933229207342
28,17/01/2023,46550,2374,0,8,17552,1604,184.0,69.79538351347831,34301.36,1761.03,1.36,1.357089048364263,453,439.6578525982825,20488,85.66966028894963
29,18/01/2023,48550,2488,0,8,17544,1695,58.0,69.3913863861503,35304.67200000001,1813.29,1.38,1.375172101867991,445,430.5816634829795,20488,85.63061304178056
30,19/01/2023,51200,2639,0,9,16531,1788,117.0,74.8551307644224,37122.905,1907.55,1.38,1.379202408863207,458,437.6652316331748,20488,80.68625536899648
31,20/01/2023,53250,2763,0,5,11918,1883,167.0,106.4475420751479,39327.896,2021.38,1.35,1.354000732711458,492,458.675649866087,20488,58.17063647012885
32,21/01/2023,55500,2952,0,9,11909,1978,102.0,106.3363737509447,40523.516,2083.79,1.37,1.369575137557165,492,451.1666701106148,20488,58.12670831706365
33,22/01/2023,57350,3108,0,5,9085,2074,143.0,141.119377595437,42308.295,2176.13,1.36,1.355526144459378,512,460.1221179164221,20488,44.34303006638032
34,23/01/2023,58200,3201,0,5,9080,2171,56.0,138.6529541331952,42804.94,2202.24,1.36,1.359656151836681,508,451.8314966039703,20488,44.31862553689965
35,24/01/2023,60000,3400,0,11,9069,2269,19.0,135.3136997306366,42950.59800000001,2210.99,1.4,1.396953774659901,483,427.8323000422349,20488,44.26493557204217
39,28/01/2023,62950,3726,0,6,9017,2658,2797.38,130.954066819654,46051.7,2376.98,1.37,1.366941936996897,508,420.688777946863,20488,44.01112846544319
40,29/01/2023,63300,3765,0,11,9006,2755,150.0,131.5006662225183,47371.8,2446.51,1.34,1.336238015021595,534,431.3755558404774,20488,43.95743850058571
3,30/01/2023,1200,67,0,25,17921,90,106.0,35.33333333333334,1899.626,106.0,0.63,0.6317032931745512,561,551.9760127920927,18209,98.41836454500522
6,02/02/2023,2950,165,0,25,17795,163,178.0,29.66666666666667,3167.51,178.0,0.93,0.9313309192394026,316,311.743710178373,18209,97.726399033445
10,06/02/2023,6100,343,0,27,17681,313,320.0,32.0,5657.92,320.0,1.08,1.078134720886828,290,287.7046962938555,18209,97.10033499917624
13,09/02/2023,9950,561,0,26,17609,469,453.0,34.84615384615385,7976.877,453.0,1.25,1.247355324646475,273,269.5835787036842,18209,96.70492613542754
17,13/02/2023,15950,903,0,27,17501,722,678.0,39.88235294117647,11865.678,678.0,1.34,1.344213116182657,289,286.0571075741328,18209,96.11181283980449
21,17/02/2023,23350,1331,0,26,17277,1018,980.0,46.66666666666666,16931.46,980.0,1.38,1.379089576445268,325,320.85582778384,18209,94.88165193036411
25,21/02/2023,31800,1822,0,31,17139,1349,1233.0,49.32,21132.387,1233.0,1.5,1.504799244874703,312,309.479004887693,18209,94.12378494151244
28,24/02/2023,38250,2209,0,37,15919,1615,1414.0,53.86525086823472,24009.466,1410.83,1.59,1.593121646270683,302,296.1701254827088,18209,87.42380141688176
29,25/02/2023,40350,2341,0,34,12230,1706,60.0,68.5257281416528,24304.02,1431.0,1.66,1.660219173618191,288,277.259178458823,18209,67.16458893953539
32,28/02/2023,46250,2826,0,30,12142,1986,1695.0,69.12393448361061,26857.69,1589.59,1.72,1.722039386112506,289,267.9810815824529,18209,66.6813114393981
4,29/09/2023,350,71,0,12,4944,109,122.0,30.5,603.168,122.0,0.58,0.5802695103188498,521,523.5324343466607,4966,99.5569875151027
9,04/10/2023,1300,264,0,10,4886,269,256.0,28.44444444444444,1250.816,256.0,1.04,1.039321530904626,268,269.0982441284495,4966,98.38904550946437
2,23/02/2023,50,25,2,0,1998,74,5.78,22.89,91.46844,45.78,0.55,0.5466366322635435,416,390.0240491216101,2132,93.71482176360225
3,24/02/2023,350,176,2,3,1993,90,36.22,27.33333333333333,163.426,82.0,2.14,2.141642088774124,128,119.3985142583274,2132,93.48030018761726
4,25/02/2023,350,176,0,2,1991,109,24.0,26.5,211.046,106.0,1.66,1.658406224235475,160,149.0808449558082,2132,93.38649155722328
5,26/02/2023,350,176,1,2,1988,134,24.0,26.0,258.44,130.0,1.35,1.354279523293608,191,179.5844625112918,2132,93.24577861163228
6,27/02/2023,450,226,0,1,1987,163,39.0,28.16666666666667,335.803,169.0,1.34,1.340071410916519,208,195.9031064191239,2132,93.19887429643528
7,28/02/2023,450,226,0,2,1985,193,22.0,27.28571428571428,379.135,191.0,1.19,1.186912313555857,227,213.4822033879217,2132,93.10506566604128
8,01/03/2023,450,226,0,2,1983,228,59.0,31.25,495.75,250.0,0.91,0.907715582450832,340,319.4067892707668,2132,93.01125703564728
9,02/03/2023,450,226,1,0,1982,269,16.0,29.55555555555556,527.212,266.0,0.85,0.853546580882074,344,323.2485990018272,2132,92.96435272045028
10,03/03/2023,650,327,0,4,1978,313,56.5,32.25,637.905,322.5,1.02,1.018960503523252,313,293.338207703344,2132,92.77673545966228
11,04/03/2023,650,327,0,3,1975,362,38.2,32.79090909090909,712.3824999999999,360.7,0.91,0.9124311728600858,357,333.8043288793757,2132,92.63602251407129
12,05/03/2023,800,403,0,5,1970,414,50.3,34.25,809.67,411.0,0.99,0.9880568626724467,343,319.6718593060056,2132,92.4015009380863
13,06/03/2023,800,403,0,4,1966,469,58.0,36.07692307692308,922.054,469.0,0.87,0.8676281432540828,406,382.3900216149682,2132,92.21388367729833
14,07/03/2023,1150,582,0,4,1962,528,87.45,39.74642857142857,1091.7549,556.45,1.05,1.0533499780949,371,348.3538499827698,2132,92.02626641651032
15,08/03/2023,1150,582,0,0,1962,589,51.05,40.50000000000001,1191.915,607.5,0.96,0.9648339017463492,413,388.2358114446531,2132,92.02626641651032
16,09/03/2023,1150,582,0,1,1961,654,64.5,42.0,1317.792,672.0,0.87,0.8726718632379009,473,444.0382997994437,2132,91.97936210131331
17,10/03/2023,1300,658,0,6,1955,722,43.0,42.05882352941177,1397.825,715.0,0.93,0.9300162752848176,443,414.6997115132441,2132,91.69793621013132
18,11/03/2023,1650,838,0,9,1946,792,89.6,44.7,1565.7516,804.6,1.05,1.053807002336769,413,388.5741088180112,2132,91.27579737335834
19,12/03/2023,1700,864,0,4,1942,865,80.4,46.57894736842105,1718.67,885.0,0.99,0.9891369489198042,456,428.5648027624921,2132,91.08818011257036
20,13/03/2023,2100,1070,0,6,1936,941,96.0,49.05,1899.216,981.0,1.11,1.105719412641848,429,401.2676841945134,2132,90.80675422138836
21,14/03/2023,2200,1122,0,3,1933,1018,46.0,48.90476190476191,1985.191,1027.0,1.11,1.108205709173576,427,399.4595640937104,2132,90.66604127579735
22,15/03/2023,2500,1278,0,7,1926,1098,93.0,50.90909090909091,2157.12,1120.0,1.16,1.158952677644266,421,396.4664435648456,2132,90.3377110694184
23,16/03/2023,2700,1383,0,13,1913,1180,57.0,51.17391304347826,2251.601,1177.0,1.2,1.199146740474889,409,382.6442137749137,2132,89.72795497185741
24,17/03/2023,2950,1514,0,13,1900,1264,56.0,51.375,2342.7,1233.0,1.26,1.259230802065992,387,363.3688466005539,2132,89.11819887429644
25,18/03/2023,3200,1647,0,21,1879,1349,132.0,54.6,2564.835,1365.0,1.25,1.247643610602631,411,384.9658536585366,2132,88.13320825515947
26,19/03/2023,3450,1781,0,13,1866,1436,100.0,56.34615384615385,2733.69,1465.0,1.26,1.262030442369106,416,391.3976111443279,2132,87.5234521575985
31,24/03/2023,3550,1836,0,0,1826,1892,1465.0,47.25806451612903,2675.09,1465.0,1.33,1.327058155052727,323,304.3251626008676,2132,85.64727954971858
8,13/09/2023,2100,214,0,35,9680,228,191.0,23.875,1848.88,191.0,1.14,1.135822768378694,203,207.7131866551625,9760,99.18032786885246
16,21/09/2023,6950,726,0,45,9355,654,560.0,35.0,5238.8,560.0,1.33,1.326639688478277,247,252.2379206212252,9760,95.85040983606558
19,13/04/2023,5400,1951,0,8,2578,790,818.0,153.7912702625455,7533.004,1425.63,0.72,0.7168454974934303,574,2062.390213986902,2670,96.55430711610488
20,14/04/2023,5900,2145,0,6,2572,865,-342.0,129.2471228615863,6648.472,1259.66,0.89,0.8874219519913749,257,1398.912595211042,2670,96.32958801498128
22,16/04/2023,7050,2594,0,8,2557,1023,940.0,139.1506381768407,7827.78,1487.32,0.9,0.9006384952055372,456,1480.683236863012,2670,95.76779026217228
24,18/04/2023,8350,3106,0,8,2539,1186,1124.0,135.8480372850204,8278.036,1578.27,1.01,1.008693366397537,441,1279.037959975773,2670,95.09363295880148
26,20/04/2023,9700,3640,0,12,2519,1353,1303.0,132.9351849024338,8706.457,1666.31,1.11,1.114115650028479,429,1129.884032693021,2670,94.34456928838952
31,25/04/2023,13350,5184,0,11,1997,1799,1649.0,149.4992973330964,9255.053,1793.61,1.44,1.442455272811512,347,776.5035808733705,2670,74.7940074906367
33,27/04/2023,14050,5538,0,13,1760,1993,1751.0,161.245867768595,9365.16,1822.72,1.5,1.500241319956093,329,708.596073090455,2670,65.91760299625467
37,01/05/2023,15950,6699,0,26,775,2386,1885.0,327.7027027027027,9396.875,1901.82,1.7,1.697372796807449,270,559.5276373531495,2670,29.02621722846442
6,31/08/2023,1150,136,0,8,8443,163,160.0,26.66666666666667,1350.88,160.0,0.85,0.8512969323700106,311,304.4229759482233,8701,97.03482358349616
12,06/09/2023,3550,421,0,25,8385,414,378.0,31.5,3169.53,378.0,1.12,1.120039879729802,278,271.035656821055,8701,96.36823353637512
13,07/09/2023,4100,488,200,0,8185,469,87.0,35.76923076923077,3806.025,465.0,1.08,1.077239377040351,318,311.5554553607651,8701,94.0696471669923
19,13/09/2023,8050,1001,0,25,7580,865,728.0,38.31578947368421,5518.24,728.0,1.46,1.458798457479196,234,228.6256533342305,8701,87.11642339960925
3,06/03/2023,2100,84,0,51,24839,90,88.0,29.33333333333333,2185.832,88.0,0.96,0.9607325723111384,303,304.9294674344895,24890,99.79509843310566
8,29/08/2023,800,174,0,45,4410,215,170.0,21.25,749.7,170.0,1.07,1.067093504068294,175,194.1085454364685,4512,97.73936170212764
14,04/09/2023,1850,421,0,20,4174,465,366.0,26.14285714285714,1527.684,366.0,1.21,1.2109834232734,179,199.8715742671255,4512,92.50886524822694
16,06/09/2023,2400,553,0,15,4145,586,481.0,30.0625,1993.745,481.0,1.2,1.203764774331723,208,230.1438063312648,4512,91.86613475177306
22,12/09/2023,4550,1078,0,9,4072,1023,865.0,39.31818181818182,3522.28,865.0,1.29,1.291776917224071,247,275.0694725583394,4512,90.24822695035462
29,19/09/2023,8650,2097,0,13,3996,1613,1419.0,48.93103448275862,5670.324000000001,1419.0,1.53,1.525486021610053,256,283.2365888394977,4512,88.56382978723404
4,03/04/2023,550,112,0,20,4891,109,120.0,30.0,586.92,120.0,0.94,0.937095345191849,313,317.2033015258099,4921,99.39036781142045
18,17/04/2023,4700,979,0,10,4735,719,760.0,42.22222222222222,3598.6,760.0,1.31,1.306063469126883,306,310.1247376056536,4921,96.22028043080677
2,16/03/2023,500,40,0,14,12480,74,13.0,32.5,811.2,65.0,0.62,0.6163708086785009,524,519.40734290361,12595,99.08693926161176
3,17/03/2023,750,60,0,13,12467,90,12.0,25.66666666666667,959.959,77.0,0.78,0.781283367310479,329,325.7156720038817,12595,98.98372369988093
5,19/03/2023,1250,100,0,21,12390,134,146.0,29.2,1808.94,146.0,0.69,0.6910124161110928,419,416.3004642974266,12595,98.37236998809053
9,23/03/2023,2500,202,0,3,12295,269,189.0,21.0,2323.755,189.0,1.08,1.075844914803841,191,189.8129769308809,12595,97.61810242159588
10,24/03/2023,3100,251,0,24,12271,313,39.0,22.8,2797.788,228.0,1.11,1.108018191514153,201,200.1214553179618,12595,97.42755061532354
13,27/03/2023,5050,410,0,11,12211,469,343.0,26.38461538461538,4188.373000000001,343.0,1.21,1.205718783880996,214,211.4065587233151,12595,96.95117109964272
21,04/04/2023,12850,1050,0,1,12177,1018,822.0,39.14285714285715,10009.494,822.0,1.28,1.283781178149465,297,295.6546319401123,12595,96.68122270742356
24,07/04/2023,16750,1371,0,9,12157,1264,1059.0,44.125,12874.263,1059.0,1.3,1.301045349159016,329,327.6194002504046,12595,96.52242953552998
28,11/04/2023,22000,1835,0,10,9025,1615,1345.0,60.49396517609814,15286.825,1260.46,1.44,1.439147762861156,324,301.0222507356787,12595,71.65541881699087
31,14/04/2023,25300,2214,0,9,8123,1892,1482.0,64.36397644283655,16207.686,1337.93,1.56,1.560987793075458,297,266.0948996066618,12595,64.49384676458912
4,13/02/2023,150,76,0,9,1964,109,132.0,33.0,259.248,132.0,0.58,0.5785965561932975,558,551.2818331830632,2027,96.89195855944746
5,14/02/2023,200,102,0,10,1954,131,0.0,26.4,257.928,132.0,0.78,0.7754101919915636,332,326.2722477325339,2027,96.39861864824864
11,20/02/2023,650,334,0,4,1931,321,355.0,32.27272727272727,685.505,355.0,0.95,0.9482060670600506,330,323.6239003122913,2027,95.26393685249136
27,08/03/2023,3650,1919,0,9,1857,1438,1280.0,47.4074074074074,2376.96,1280.0,1.54,1.535574851911685,286,282.0224231176377,2027,91.61322150962012
32,13/03/2023,4750,2524,0,31,1783,1895,1530.0,47.8125,2727.99,1530.0,1.74,1.741208728771,245,241.7073175918208,2027,87.9625061667489
3,24/02/2023,1650,64,58,34,25741,90,20.0,33.33333333333334,2574.1,100.0,0.64,0.641000738122062,516,494.988769921851,27085,95.03784382499538
4,25/02/2023,2200,85,133,58,25550,109,12.0,28.0,2861.6,112.0,0.77,0.7688006709533128,356,343.0278416433114,27085,94.33265645191064
5,26/02/2023,2900,113,163,23,25364,134,24.0,27.2,3449.504,136.0,0.84,0.8407005760828222,317,303.2344383202793,27085,93.6459294812627
6,27/02/2023,3650,143,147,18,25199,163,29.0,27.5,4157.835,165.0,0.88,0.8778607135684797,303,290.7398006276537,27085,93.03673620084918
7,28/02/2023,4450,175,82,16,25101,193,32.0,28.14285714285714,4944.897,197.0,0.9,0.8999176322580632,303,289.7929797726733,27085,92.6749123130884
8,01/03/2023,5450,215,51,21,25029,228,32.0,28.625,5731.641000000001,229.0,0.95,0.950862065506196,289,278.4431565344967,27085,92.4090825179989
9,02/03/2023,6700,265,0,28,25001,269,41.0,30.0,6750.27,270.0,0.99,0.9925528904769736,291,279.7142553465241,27085,92.30570426435295
10,03/03/2023,8050,319,0,21,24980,313,37.0,30.7,7668.86,307.0,1.05,1.049699694609108,281,269.657603488137,27085,92.22817057411852
11,04/03/2023,9450,375,0,20,24960,362,43.0,31.81818181818182,8736.0,350.0,1.08,1.081730769230769,283,271.4984439186027,27085,92.15432896437144
12,05/03/2023,11050,439,0,24,24936,414,50.0,33.33333333333334,9974.4,400.0,1.11,1.107836060314405,288,276.4736307287536,27085,92.0657190326749
13,06/03/2023,12850,511,0,23,24913,469,50.0,34.61538461538461,11210.85,450.0,1.15,1.146211036629694,289,276.8652878371879,27085,91.98080118146576
14,07/03/2023,15000,598,0,25,24888,528,52.0,35.85714285714285,12493.776,502.0,1.2,1.200597801657401,287,274.5715868034495,27085,91.88849916928189
15,08/03/2023,17100,682,0,20,24868,589,66.0,37.86666666666667,14125.024,568.0,1.21,1.210617412048291,300,287.3318209025662,27085,91.8146575595348
16,09/03/2023,19350,773,0,20,24848,654,72.0,40.0,15902.72,640.0,1.22,1.216772979716677,315,300.7895604911072,27085,91.7408159497877
17,10/03/2023,21450,857,0,18,24830,722,60.0,41.1764705882353,17381.0,700.0,1.23,1.234106207928197,321,306.8964655701134,27085,91.67435850101532
18,11/03/2023,23800,952,0,22,24808,792,80.0,43.33333333333334,19350.24,780.0,1.23,1.229958904902471,335,322.6858334671588,27085,91.59313273029352
19,12/03/2023,26500,1061,0,20,24788,865,55.0,43.94736842105263,20697.98,835.0,1.28,1.280318175976593,326,314.221250352205,27085,91.51929112054644
20,13/03/2023,29500,1182,0,21,24767,941,67.0,45.09999999999999,22339.834,902.0,1.32,1.320511155096318,325,312.4260045535659,27085,91.44175743031198
21,14/03/2023,32300,1295,0,18,24749,1018,88.0,47.14285714285714,24501.51,990.0,1.32,1.318286097469095,339,326.3403570769271,27085,91.3752999815396
22,15/03/2023,35250,1414,0,19,24730,1098,90.0,49.09090909090909,26708.4,1080.0,1.32,1.319809498135418,353,339.5646091200491,27085,91.30515045227986
23,16/03/2023,38250,1536,0,18,24712,1180,90.0,50.8695652173913,28913.04,1170.0,1.32,1.322932489976841,366,351.6115639463232,27085,91.23869300350748
24,17/03/2023,41450,1665,0,17,24695,1264,78.0,52.0,30819.36,1248.0,1.34,1.344933833797976,369,353.817032614296,27085,91.17592763522244
25,18/03/2023,44650,1795,0,17,24678,1349,82.0,53.20000000000001,32821.74000000001,1330.0,1.36,1.360378822085605,372,356.4132523971377,27085,91.11316226693742
26,19/03/2023,47750,1921,0,18,19003,1436,70.0,66.39538696319204,32804.5,1330.27,1.46,1.45559298267006,350,319.0644213578102,27085,70.16060550119992
27,20/03/2023,50750,2079,0,18,18985,1525,50.0,65.79960787756417,33728.55,1368.74,1.5,1.504659998725115,340,307.4778304241107,27085,70.09414805242754
28,21/03/2023,53500,2224,0,18,18967,1615,50.0,65.24640541090164,34650.8,1407.2,1.54,1.543975896660394,330,296.6918890334592,27085,70.02769060365516
29,22/03/2023,56750,2395,0,17,18950,1706,50.0,64.73077972886908,35572.8,1445.64,1.6,1.595320019790402,317,283.0552602598461,27085,69.96492523537013
30,23/03/2023,60050,2569,0,15,18935,1798,100.0,65.9150602939882,37443.05,1522.57,1.6,1.603768923738851,327,288.0057381084241,27085,69.90954402805981
31,24/03/2023,63450,2749,0,18,18917,1892,100.0,67.02462540094504,39305.05,1599.46,1.61,1.614296381762649,333,290.7581810448766,27085,69.84308657928743
32,25/03/2023,66750,2924,0,16,17556,1986,100.0,72.26891803372068,40600.10000000001,1653.23,1.64,1.64408462048123,331,285.6304058587015,27085,64.8181650359978
33,26/03/2023,70000,3109,0,17,17294,2081,100.0,73.75688187530444,42093.2,1715.22,1.66,1.662976442750848,335,283.7011361268997,27085,63.85083994831088
34,27/03/2023,72800,3271,0,27,17130,2177,150.0,76.41272621132516,44504.3,1815.46,1.64,1.635796990403174,354,294.6798020684656,27085,63.24533874838472
35,28/03/2023,75800,3446,0,12,17118,2273,50.0,75.66805200874602,45335.0,1850.26,1.67,1.671997353038491,346,286.3652162433223,27085,63.20103378253646
36,29/03/2023,76100,3464,0,13,4698,2369,150.0,289.5227283477603,48966.4,1999.53,1.55,1.554126911514835,387,323.9926343655941,27085,17.34539412959203
20,20/02/2023,11600,1188,0,6,9721,941,910.0,45.5,8846.11,910.0,1.31,1.311310847366809,337,347.1139984163071,9727,99.93831602755218
5,12/07/2023,1200,100,0,9,11939,134,114.0,22.8,1361.046,114.0,0.88,0.8816748295061299,257,258.6143603073626,11961,99.816068890561
12,19/07/2023,4750,399,0,4,11891,414,327.0,27.25,3888.357,327.0,1.22,1.221595650810869,221,222.053470226323,11961,99.41476465178496
27,03/08/2023,22050,1861,0,9,11791,1525,1190.0,44.07407407407408,14031.29,1190.0,1.57,1.571487724934771,275,276.736659220709,11961,98.57871415433492
3,17/07/2023,1200,61,0,77,19752,90,102.0,34.0,2014.704,102.0,0.6,0.5956209944488123,561,560.032022415691,19986,98.8291804262984
5,19/07/2023,2200,112,0,40,19592,134,150.0,30.0,2938.8,150.0,0.75,0.7486048727371717,392,392.1144801360953,19986,98.02862003402382
11,25/07/2023,7000,358,0,20,19384,362,362.0,32.90909090909091,7017.008,362.0,1.0,0.9975761749167168,319,319.1783339246564,19986,96.98789152406684
13,27/07/2023,9700,498,0,20,19336,469,450.0,34.61538461538461,8701.2,450.0,1.11,1.114788764768078,302,301.7080771508871,19986,96.74772340638448
17,31/07/2023,16500,851,0,12,19238,722,633.0,37.23529411764706,12177.654,633.0,1.35,1.354940779233833,265,265.4942119614449,19986,96.25738016611628
20,03/08/2023,22250,1150,0,18,19174,941,821.0,41.05,15741.854,821.0,1.41,1.413429447382754,279,279.3064010055266,19986,95.93715600920645
27,10/08/2023,39450,2050,0,17,19072,1525,1346.0,49.85185185185185,25670.912,1346.0,1.54,1.53675880311537,308,308.909261976409,19986,95.4267987591314
30,13/08/2023,46850,2439,0,17,19020,1798,1553.0,51.76666666666667,29538.06,1553.0,1.59,1.586089269234337,309,309.8401585512374,19986,95.16661663164216
36,19/08/2023,56300,2939,0,13,18765,2369,1809.0,50.25000000000001,33945.885,1809.0,1.66,1.658522085961229,285,284.2174009758639,19986,93.89072350645452
6,21/08/2023,900,113,0,11,7928,163,164.0,27.33333333333333,1300.192,164.0,0.69,0.6922054588860722,392,383.8377397303141,8182,96.89562454167684
8,23/08/2023,1400,176,0,20,7898,228,222.0,27.75,1753.356,222.0,0.8,0.7984687650425812,343,334.8348508922024,8182,96.52896602297729
14,29/08/2023,4200,532,0,9,7841,528,477.0,34.07142857142857,3740.157,477.0,1.12,1.122947512631154,298,291.5307026623898,8182,95.83231483744804
20,04/09/2023,8350,1066,0,8,7743,941,1138.0,56.9,8811.534,1138.0,0.95,0.947621605954196,581,566.81122875632,8182,94.63456367636276
24,08/09/2023,12200,1566,0,16,7672,1264,1232.0,51.33333333333334,9451.904,1232.0,1.29,1.290745229744187,382,373.1288888383589,8182,93.76680518210706
27,11/09/2023,14200,1831,0,170,7378,1525,1480.0,54.81481481481482,10919.44,1480.0,1.3,1.300432989237543,388,380.2189644282042,8182,90.17355169885114
31,15/09/2023,17050,2223,0,20,7227,1892,1892.0,61.03225806451613,13673.484,1892.0,1.25,1.246938965957762,439,431.2687646367716,8182,88.3280371547299
6,29/05/2023,550,139,0,2,3958,163,160.0,26.66666666666667,633.28,160.0,0.87,0.8684941889843356,303,303.6746124226164,3995,99.0738423028786
11,03/06/2023,1250,318,0,4,3899,362,262.0,23.81818181818182,1021.538,262.0,1.22,1.223645131164969,189,190.5395902851739,3995,97.59699624530664
14,06/06/2023,1700,433,0,1,3895,528,353.0,25.21428571428572,1374.935,353.0,1.24,1.236422085407674,197,198.2511261196311,3995,97.49687108886108
17,09/06/2023,2500,641,0,23,3834,722,522.0,30.70588235294118,2001.348,522.0,1.25,1.24915806746253,236,235.747390120003,3995,95.96996245306634
21,13/06/2023,3400,876,0,7,3803,1018,684.0,32.57142857142857,2601.252,684.0,1.31,1.307062906631114,236,236.6873531936731,3995,95.19399249061328
8,19/02/2023,500,204,0,7,2431,215,220.0,27.5,534.82,220.0,0.93,0.9348939830223252,287,291.6203188728217,2465,98.6206896551724
16,27/02/2023,1700,701,0,4,2401,586,580.0,36.25,1392.58,580.0,1.22,1.220755719599592,285,289.4165863066538,2465,97.40365111561866
23,06/03/2023,3300,1372,0,7,2373,1104,1020.0,44.34782608695652,2420.46,1020.0,1.36,1.363377209290796,310,313.9165711262016,2465,96.26774847870182
26,09/03/2023,4100,1710,0,8,2355,1353,1250.0,48.07692307692308,2943.75,1250.0,1.39,1.392781316348195,325,330.4424645647813,2465,95.53752535496956
30,13/03/2023,5300,2225,0,8,2319,1705,1420.0,47.33333333333334,3292.98,1420.0,1.61,1.609484418368772,273,276.5827170448389,2465,94.07707910750509
3,23/12/2022,950,48,0,30,19902,100,16.0,27.16666666666667,1622.013,81.5,0.59,0.585691976574787,460,448.2228052940713,20445,97.34409391049157
4,24/12/2022,1350,68,0,41,19861,124,20.0,25.375,2015.8915,101.5,0.67,0.6696788988891514,375,367.9130941039484,20445,97.14355588163365
5,25/12/2022,1950,98,0,17,19844,150,23.1,24.92,2472.5624,124.6,0.79,0.7886555259434505,312,306.1702932535886,20445,97.06040596722914
6,26/12/2022,2550,128,0,8,19836,179,30.5,25.85,3076.5636,155.1,0.83,0.8288468341756368,308,302.1686746987952,20445,97.02127659574468
7,27/12/2022,3350,169,0,20,19816,211,35.3,27.2,3772.9664,190.4,0.89,0.8878955296288882,303,296.2154973194731,20445,96.9234531670335
8,28/12/2022,4550,229,0,10,19806,245,27.3,27.2125,4311.766199999999,217.7,1.06,1.055252021781701,254,248.6979678566979,20445,96.87454145267792
9,29/12/2022,5550,280,0,11,19795,282,34.0,27.96666666666667,4982.4015,251.7,1.11,1.113920666570127,249,243.9417407135675,20445,96.82073856688676
10,30/12/2022,6500,328,0,16,19779,324,33.4,28.51,5638.9929,285.1,1.15,1.152688097904858,245,239.8372260678172,20445,96.74247982391783
11,31/12/2022,7650,386,0,11,19768,370,51.8,30.62727272727273,6659.839199999999,336.9,1.15,1.148676382456802,264,257.5052589759279,20445,96.68867693812668
12,01/01/2023,8900,449,0,9,19759,419,52.1,32.41666666666666,7686.251,389.0,1.16,1.157911704939118,277,270.0773802998232,20445,96.64465639520664
13,02/01/2023,11350,573,0,15,19744,471,121.0,39.23076923076923,10069.44,510.0,1.13,1.127172911303906,344,335.2713226689814,20445,96.57128882367329
14,03/01/2023,13350,675,0,15,19729,527,50.64,40.04571428571428,11060.86656,560.64,1.21,1.206957875097989,328,319.3659655891365,20445,96.49792125213988
15,04/01/2023,15200,769,0,19,19710,587,56.61,41.15,12165.9975,617.25,1.25,1.249383784601304,326,317.3652237710932,20445,96.40498899486428
16,05/01/2023,17650,893,0,32,19678,649,82.55,43.7375,13770.6644,699.8,1.28,1.281710125765609,335,328.8802752048177,20445,96.2484715089264
17,06/01/2023,19400,982,0,22,19656,715,70.6,45.31764705882352,15142.9824,770.4,1.28,1.281121478421582,347,340.3810797980234,20445,96.1408657373441
18,07/01/2023,21650,1097,0,22,19634,784,67.3,46.53888888888889,16447.4018,837.7,1.32,1.316317328612961,346,338.5819102412401,20445,96.0332599657618
19,08/01/2023,23750,1204,0,32,19602,856,125.6,50.7,18882.6066,963.3,1.26,1.257771265541273,394,385.7897495021485,20445,95.87674247982392
20,09/01/2023,25950,1316,0,13,19589,931,86.3,52.48,20560.6144,1049.6,1.26,1.262121816748823,408,399.0694041699177,20445,95.81315725116166
21,10/01/2023,28500,1446,0,11,19578,1008,103.4,54.90476190476191,22573.434,1153.0,1.26,1.262546053028529,427,417.2733771098723,20445,95.75935436537053
22,11/01/2023,31550,1602,0,9,19569,1087,84.0,56.22727272727273,24206.853,1237.0,1.3,1.303349923263466,424,413.9855522320673,20445,95.71533382245048
23,12/01/2023,34800,1768,0,10,19559,1168,109.0,58.52173913043478,26326.414,1346.0,1.32,1.321866320266786,434,424.1337422842414,20445,95.66642210809488
24,13/01/2023,36500,1855,0,12,19547,1252,76.0,59.25,27795.834,1422.0,1.31,1.313146423309335,443,432.4242661842702,20445,95.60772805086818
25,14/01/2023,40750,2073,0,9,19538,1337,95.0,60.68,29639.146,1517.0,1.37,1.374870922394323,434,423.2704942760798,20445,95.56370750794817
26,15/01/2023,43900,2234,0,9,19529,1425,81.0,61.46153846153846,31207.342,1598.0,1.41,1.406720251920205,427,416.367866257815,20445,95.51968696502811
27,16/01/2023,47100,2398,0,13,19516,1513,117.0,63.51851851851852,33469.94,1715.0,1.41,1.407232878218485,441,430.0163238189321,20445,95.45610173636588
28,17/01/2023,49700,2531,0,15,17453,1604,137.0,72.66711412692045,35511.256,1821.0,1.4,1.399556242110952,463,443.0909208877975,20445,85.36561506480803
29,18/01/2023,52550,2695,0,10,17443,1695,86.0,73.13048016495107,36992.834,1897.94,1.42,1.420545395359544,456,439.3839071907942,20445,85.31670335045244
30,19/01/2023,55350,2856,0,19,17424,1788,38.0,71.96610805019897,37618.124,1931.91,1.47,1.471365238734393,435,417.2260625127201,20445,85.22377109317681
31,20/01/2023,56400,2916,0,19,12186,1883,184.0,105.5464493893045,39871.86,2049.65,1.41,1.414531451504896,479,446.1681599510413,20445,59.60381511371974
32,21/01/2023,58150,3060,0,25,12161,1978,161.0,107.3508063687197,41775.781,2150.29,1.39,1.391954826649441,506,459.3806356235629,20445,59.48153582783077
33,22/01/2023,59150,3142,0,6,9043,2074,-6.0,140.0200556935048,41784.645,2151.41,1.42,1.415591780186238,479,436.1414043298453,20445,44.23086329175838
34,23/01/2023,60300,3270,0,21,4364,2171,16.0,283.888122068259,42122.18399999999,2171.13,1.43,1.431549703120807,465,423.7491221393512,20445,21.34507214477867
35,24/01/2023,60300,3270,0,12,4352,2269,101.0,279.2395220588235,42533.764,2193.71,1.42,1.417697244005962,475,418.5914115162976,20445,21.28637808755197
5,31/01/2023,1150,97,0,18,11798,134,98.0,19.6,1156.204,98.0,0.99,0.9946341649051552,194,196.7457594816085,11872,99.3766846361186
14,09/02/2023,7150,609,0,18,11673,528,504.0,36.0,5883.192,504.0,1.22,1.215326645807242,286,290.1357651009677,11872,98.3237870619946
19,14/02/2023,12800,1095,0,13,11601,865,749.0,39.42105263157895,8689.149,749.0,1.47,1.473101681188802,260,262.048948179073,11872,97.7173180592992
29,24/02/2023,27450,2366,0,10,11467,1706,1380.0,47.58620689655172,15824.46,1380.0,1.73,1.734656348463076,264,265.6812524747395,11872,96.58861185983828
34,01/03/2023,34600,2993,0,15,11358,2177,1740.0,51.17647058823529,19762.92,1740.0,1.75,1.750753431173126,278,279.7758726131962,11872,95.67048517520216
6,08/02/2023,375,126,0,4,2963,157,124.0,20.66666666666667,367.412,124.0,1.02,1.02065256442359,201,200.449550994577,2995,98.93155258764608
11,13/02/2023,950,321,0,2,2952,321,300.0,27.27272727272727,885.6,300.0,1.07,1.072719060523939,250,251.2258465326663,2995,98.56427378964942
18,20/02/2023,2375,806,0,3,2922,719,735.0,40.83333333333334,2147.67,735.0,1.11,1.105849595142643,357,358.90147242401,2995,97.56260434056762
21,23/02/2023,3225,1098,0,5,2912,943,900.0,42.85714285714285,2620.8,900.0,1.23,1.230540293040293,338,338.7760087951464,2995,97.22871452420702
25,27/02/2023,4425,1512,0,3,2896,1269,1100.0,44.0,3185.6,1100.0,1.39,1.389063284781517,307,306.0832802872894,2995,96.69449081803006
31,05/03/2023,6625,2277,0,15,2848,1799,1490.0,48.06451612903225,4243.52,1490.0,1.56,1.561203906191087,293,292.9834808772823,2995,95.09181969949915
